<?xml version="1.0" encoding="UTF-8"?>
<beans xmlns="http://www.springframework.org/schema/beans"
	xmlns:xsi="http://www.w3.org/2001/XMLSchema-instance"
	xsi:schemaLocation="http://www.springframework.org/schema/beans http://www.springframework.org/schema/beans/spring-beans.xsd">


	<bean class="org.springframework.beans.factory.config.MethodInvokingFactoryBean">
	    <property name="targetObject" ref="cisServices"/>
	    <property name="targetMethod" value="putAll"/>
	    <property name="arguments">
	    	<map>
	    		 <!--
				<entry key="paymentService" value-ref="defaultMyPaymentService" />
				-->
			 <entry key="paymentService" value-ref="defaultCyberSourcePaymentService" />
					
			</map>
		</property>
	</bean>
	<import resource="classpath:/META-INF/paymentService-service-spring.xml" />

</beans>
