<configuration>
   	<appender name="STDOUT" class="ch.qos.logback.core.ConsoleAppender">
		<encoder>
			<Pattern>%d [%-5level][%t][%c][%X{tenant}][%X{requestId}] %m%n</Pattern>
		</encoder>
	</appender>

	<logger name="javax.validation" level="info" />

	<logger name="org.springframework.beans.factory" level="warn"/>
	<logger name="org.springframework.transaction" level="info" />
	<logger name="org.springframework.validation" level="info" />
	<logger name="org.springframework.test" level="warn" />
	<logger name="org.springframework.aop.interceptor.PerformanceMonitorInterceptor" level="trace" appender-ref="STDOUT"/>

    <logger name="com.hybris.oms" level="info"/>
    <logger name="com.hybris.kernel" level="info"/>

    <logger name="httpclient.wire.content" level="debug"/>
    <logger name="httpclient.wire.header" level="debug"/>
    <logger name="com.hybris.oms.service.ats" level="debug"/>
    <logger name="com.hybris.oms.service.sourcing" level="debug"/>

	<!-- DB statements -->
	<logger name="com.hybris.kernel.engine.jdbc.JDBCPersistenceEngine" level="info" />
	<logger name="com.hybris" level="info" />
	<logger name="org.springframework.jdbc.core.JdbcTemplate" level="info" />

    <root level="info">
        <appender-ref ref="STDOUT"/>
    </root>
</configuration>
