<?xml version="1.0" encoding="UTF-8"?>
<beans xmlns="http://www.springframework.org/schema/beans"
	xmlns:util="http://www.springframework.org/schema/util"
	xmlns:xsi="http://www.w3.org/2001/XMLSchema-instance"
	xsi:schemaLocation="http://www.springframework.org/schema/beans http://www.springframework.org/schema/beans/spring-beans.xsd
		http://www.springframework.org/schema/util http://www.springframework.org/schema/util/spring-util-2.0.xsd">
	
	<util:properties id="libraryProperties" location="classpath:META-INF/library.properties" />

	
	<util:properties id="statusCodeProps" location="classpath:cybersource-reason-codes.properties"
		/>
	
	<util:properties id="acceptCodeProps" location="classpath:cybersource-accept-codes.properties"
		/>
	
	<bean id="paymentErrorHandler" class="com.cybersource.hybris.payment.handler.CyberSourceErrorHandler">
		<property name="errorCodeProperties" ref="statusCodeProps"/>
	</bean>
	
	<alias alias="cyberSourceResponseHandler" name="defaultCyberSourceResponseHandler"/>
	<bean id="defaultCyberSourceResponseHandler" class="com.cybersource.secureacceptance.CyberSourceResponseHandler">
		<property name="subscriptionServiceData" ref="subscriptionServiceData" />
		<property name="cyberSourceErrorHandler" ref="paymentErrorHandler"/>
	</bean>

	<!--Simple executors-->

	<alias alias="cyberSourceReverseExecutor" name="defaultCyberSourceReverseExecutor" />
	<bean id="defaultCyberSourceReverseExecutor" class="com.cybersource.hybris.payment.executor.CyberSourceReverseExecutor">
	</bean>

	<alias alias="cyberSourceCaptureExecutor" name="defaultCyberSourceCaptureExecutor" />
	<bean id="defaultCyberSourceCaptureExecutor" class="com.cybersource.hybris.payment.executor.CyberSourceCaptureExecutor">
	</bean>

	<alias alias="cyberSourceRefundExecutor" name="defaultCyberSourceRefundExecutor" />
	<bean id="defaultCyberSourceRefundExecutor" class="com.cybersource.hybris.payment.executor.CyberSourceRefundExecutor">
	</bean>

	<alias alias="cyberSourceDeleteProfileExecutor" name="defaultCyberSourceDeleteProfileExecutor"/>
	<bean id="defaultCyberSourceDeleteProfileExecutor" class="com.cybersource.hybris.payment.executor.CyberSourceDeleteProfileExecutor">
	</bean>
		
	<alias alias="cyberSourceUpdateProfileExecutor" name="defaultCyberSourceUpdateProfileExecutor"/>
	<bean id="defaultCyberSourceUpdateProfileExecutor" class="com.cybersource.hybris.payment.executor.CyberSourceUpdateProfileExecutor">
	</bean>
	
	<alias alias="cyberSourceAuthorizeExecutor" name="defaultCyberSourceAuthorizeExecutor"/>
	<bean id="defaultCyberSourceAuthorizeExecutor" class="com.cybersource.hybris.payment.executor.CyberSourceAuthorizeExecutor">
	</bean>
	
	<alias alias="cyberSourceAuthorizeWithProfileExecutor" name="defaultCyberSourceAuthorizeWithProfileExecutor"/>
	<bean id="defaultCyberSourceAuthorizeWithProfileExecutor" class="com.cybersource.hybris.payment.executor.CyberSourceAuthorizeWithProfileExecutor">
	<property name="acceptProperties" ref="acceptCodeProps"/>
	</bean>

	<!--Tokenized executors-->

	<alias alias="cyberSourceTokenizedCaptureExecutor" name="defaultCyberSourceTokenizedCaptureExecutor" />
	<bean id="defaultCyberSourceTokenizedCaptureExecutor" class="com.cybersource.hybris.payment.executor.tokenized.CyberSourceTokenizedCaptureExecutor">
	</bean>

	<alias alias="cyberSourceTokenizedReverseExecutor" name="defaultCyberSourceTokenizedReverseExecutor" />
	<bean id="defaultCyberSourceTokenizedReverseExecutor" class="com.cybersource.hybris.payment.executor.tokenized.CyberSourceTokenizedReverseExecutor" />

	<alias alias="cyberSourceTokenizedRefundExecutor" name="defaultCyberSourceTokenizedRefundExecutor" />
	<bean id="defaultCyberSourceTokenizedRefundExecutor" class="com.cybersource.hybris.payment.executor.tokenized.CyberSourceTokenizedRefundExecutor">
	</bean>
	
	
	<alias alias="cyberSourcePayerAuthExecutor" name="defaultCyberSourcePayerAuthExecutor"/>
	<bean id="defaultCyberSourcePayerAuthExecutor" class="com.cybersource.hybris.payment.executor.CyberSourcePayerAuthExecutor">
	</bean>
	
	<alias alias="cyberSourcePayerAuthValidateExecutor" name="defaultCyberSourcePayerAuthValidateExecutor"/>
	<bean id="defaultCyberSourcePayerAuthValidateExecutor" class="com.cybersource.hybris.payment.executor.CyberSourcePayerAuthValidateExecutor">
	</bean>
	
	
	<alias alias="cyberSourcePaymentService" name="defaultCyberSourcePaymentService" />
	<bean id="defaultCyberSourcePaymentService" class="com.cybersource.hybris.cis.api.payment.service.CyberSourcePaymentService">
		<property name="hpfUrl" value="${cis.mock.payment.hpfurl}"/>
	</bean>
	
	<bean id="jaxbMarshaller" class="org.springframework.oxm.jaxb.Jaxb2Marshaller">
		<property name="contextPath" value="com.cybersource.stub"/>
	</bean>
	
	<bean id="messageSender" class="org.springframework.ws.transport.http.CommonsHttpMessageSender"/>
	
	<bean id="messageFactory" class="org.springframework.ws.soap.saaj.SaajSoapMessageFactory">
		<property name="messageFactory">
			<bean class="com.sun.xml.messaging.saaj.soap.ver1_1.SOAPMessageFactory1_1Impl"/>
		</property>
	</bean>
	
	
	<bean id="webServiceClient" class="com.cybersource.hybris.WebServiceClient">
		<property name="merchantID" value="${single.paymentService.merchantId}"/>
		
		<property name="serverUrl" value="${single.paymentService.url}"/>
		<property name="messageFactory" ref="messageFactory" />
		<property name="messageSender" ref="messageSender" />
		<property name="marshaller" ref="jaxbMarshaller" />
		<property name="unmarshaller" ref="jaxbMarshaller" />
		<property name="libraryProperties" ref="libraryProperties" />
		
		<property
		name="interceptors">
			<list>
				<ref local="wss4jSecurityInterceptor"/>
			</list>
		</property>
	</bean>
	
	<bean id="wss4jSecurityInterceptor" class="org.springframework.ws.soap.security.wss4j.Wss4jSecurityInterceptor">
	
		<property name="securementActions" value="UsernameToken" />
		<property name="securementUsername" value="${single.paymentService.merchantId}" />
		<property name="securementPassword" value="${single.paymentService.transactionKey}" />
		<property name="securementPasswordType" value="PasswordText"/>

	</bean>

	
</beans>
